event_id,event_time,ccy_couple,rate
288230383844089595,1734210000000,EURUSD,1.1944532
288230383844089596,1734210000000,NZDUSD,1.19972808
288230383844089597,1734210000000,AUDUSD,1.20210352
288230383844089598,1734210000000,EURGBP,1.20117197
288230383844089599,1734210000000,GBPUSD,1.19355174
